<?xml version="1.0" encoding="UTF-8" standalone="yes"?>

<!-- Fichero: libros.xml -->

<biblioteca>
    <libros>

        <libro publicacion="2003" edicion="2">
            <titulo>Learning XML</titulo>

            <autor>
                <apellido>Ray</apellido>
                <nombre>Erik T.</nombre>
            </autor>

            <editorial>O'Reilly</editorial>

            <paginas>416</paginas>
        </libro>

        <libro publicacion="2003" edicion="2">
            <titulo>XML Imprescindible</titulo>

            <autor>
                <apellido>Harold</apellido>
                <nombre>Elliot Rusty</nombre>
            </autor>

            <autor>
                <apellido>Means</apellido>
                <nombre>W. Scott</nombre>
            </autor>

            <editorial>O'Reilly</editorial>

            <paginas>832</paginas>
        </libro>

        <libro publicacion="2002">
            <titulo>XML Schema</titulo>

            <autor>
                <apellido>van der Vlist</apellido>
                <nombre>Eric</nombre>
            </autor>

            <editorial>O'Reilly</editorial>

            <paginas>400</paginas>
        </libro>

        <libro publicacion="2002">
            <titulo>XPath Essentials</titulo>

            <autor>
                <apellido>Watt</apellido>
                <nombre>Adrew</nombre>
            </autor>

            <editorial>Wiley</editorial>

            <paginas>516</paginas>
        </libro>

        <libro publicacion="2005">
            <titulo> Beginning XSLT 2.0: Form Novice to Professional</titulo>

            <autor>
                <apellido>Tennison</apellido>
                <nombre>Jeni</nombre>
            </autor>

            <editorial>Apress</editorial>

            <paginas>797</paginas>
        </libro>

        <libro publicacion="2007">
            <titulo> XQuery</titulo>

            <autor>
                <apellido>Walmsley</apellido>
                <nombre>Priscilla</nombre>
            </autor>

            <editorial>O'Reilly</editorial>

            <paginas>491</paginas>
        </libro>
    </libros>
    
</biblioteca>
