<?xml version="1.0" encoding="UTF-8"?>
<project-private xmlns="http://www.netbeans.org/ns/project-private/1">
    <editor-bookmarks xmlns="http://www.netbeans.org/ns/editor-bookmarks/2" lastBookmarkId="0"/>
    <open-files xmlns="http://www.netbeans.org/ns/projectui-open-files/2">
        <group>
            <file>file:/C:/Users/JCMCarra/OneDrive%20-%20Unit4/Documents/NetBeansProjects/ingenieriaInversa_2022_2023/src/figuras/Cuadrado.java</file>
            <file>file:/C:/Users/JCMCarra/OneDrive%20-%20Unit4/Documents/NetBeansProjects/ingenieriaInversa_2022_2023/src/figuras/Main.java</file>
            <file>file:/C:/Users/JCMCarra/OneDrive%20-%20Unit4/Documents/NetBeansProjects/ingenieriaInversa_2022_2023/src/figuras/Rectangulo.java</file>
            <file>file:/C:/Users/JCMCarra/OneDrive%20-%20Unit4/Documents/NetBeansProjects/ingenieriaInversa_2022_2023/src/figuras/Forma.java</file>
        </group>
    </open-files>
</project-private>
