<?xml version="1.0" encoding="UTF-8"?>
<project-private xmlns="http://www.netbeans.org/ns/project-private/1">
    <editor-bookmarks xmlns="http://www.netbeans.org/ns/editor-bookmarks/2" lastBookmarkId="0"/>
    <open-files xmlns="http://www.netbeans.org/ns/projectui-open-files/2">
        <group>
            <file>file:/C:/Users/profesorado/Dropbox/PROG_2023_24/PROG03/Tareas/2023-2024/PROG03_Tarea_2023_24_Solucion/src/tarea03/Ejercicio02.java</file>
            <file>file:/C:/Users/profesorado/Dropbox/PROG_2023_24/PROG03/Tareas/2023-2024/PROG03_Tarea_2023_24_Solucion/src/tarea03/Ejercicio01.java</file>
        </group>
    </open-files>
</project-private>
