<?xml version="1.0" encoding="ISO-8859-1" ?>
<!DOCTYPE clase>
<clase>
<alumnos>
 <alumno cod="n12344345">
 <apenom>Alcalde García, Luis</apenom>
 <direc>Las Manos, 24</direc>
 <pobla>Madrid</pobla>
 <prov>Madrid</prov>
 <telef>756645</telef>
 </alumno>
 <alumno cod="n88283457">
 <apenom>González García, Olga</apenom>
 <direc>Miraflor 28 - 3A</direc>
 <pobla>Alicante</pobla>
 <prov>Alicante</prov>
 <telef>564355</telef>
 </alumno>
 <alumno cod="n88234942">
 <apenom>Fernández Díaz, María</apenom>
 <direc>Luisa Fernanda, 53</direc>
 <pobla>Granada</pobla>
 <prov>Granada</prov>
 <telef>346945</telef>
 </alumno>
 <alumno cod="n12345678">
 <apenom>López Gómez, Juan Manuel</apenom>
 <direc>Bernarda Alba, 21</direc>
 <pobla>Guadix</pobla>
 <prov>Granada</prov>
 <telef>987465</telef>
 </alumno>
</alumnos>
<asignaturas>
 <asignatura cod="a1" nombre="FH"/>
 <asignatura cod="a2" nombre="FOL"/>
 <asignatura cod="a3" nombre="DIW"/>
 <asignatura cod="a4" nombre="LMSGI"/>
 <asignatura cod="a5" nombre="PAR"/>
 <asignatura cod="a6" nombre="GBD"/>
</asignaturas>
<notas>
 <nota alum="n12344345" asig="a1" calificacion="4"/>
 <nota alum="n88283457" asig="a1" calificacion="5"/>
 <nota alum="n88234942" asig="a1" calificacion="4"/>
 <nota alum="n12344345" asig="a2" calificacion="10"/>
 <nota alum="n88283457" asig="a2" calificacion="9"/>
 <nota alum="n88234942" asig="a2" calificacion="6"/>
 <nota alum="n12344345" asig="a3" calificacion="3"/>
 <nota alum="n88234942" asig="a3" calificacion="6"/>
 <nota alum="n12344345" asig="a4" calificacion="8"/>
 <nota alum="n88283457" asig="a4" calificacion="3"/>
 <nota alum="n12344345" asig="a5" calificacion="6"/>
 <nota alum="n12344345" asig="a6" calificacion="6"/>
 <nota alum="n12345678" asig="a2" calificacion="1"/>
 <nota alum="n12345678" asig="a4" calificacion="4"/>
</notas>
</clase>