<?xml version="1.0" encoding="UTF-8"?>
<project-private xmlns="http://www.netbeans.org/ns/project-private/1">
    <editor-bookmarks xmlns="http://www.netbeans.org/ns/editor-bookmarks/2" lastBookmarkId="0"/>
    <open-files xmlns="http://www.netbeans.org/ns/projectui-open-files/2">
        <group>
            <file>file:/C:/Users/JCMCarra/OneDrive%20-%20Unit4/Documents/NetBeansProjects/PROG06_Tarea2022_23_Alumnado/src/trenes/controladores/ControlServicio.java</file>
            <file>file:/C:/Users/JCMCarra/OneDrive%20-%20Unit4/Documents/NetBeansProjects/PROG06_Tarea2022_23_Alumnado/src/trenes/controladores/VentanillaVagon.java</file>
            <file>file:/C:/Users/JCMCarra/OneDrive%20-%20Unit4/Documents/NetBeansProjects/PROG06_Tarea2022_23_Alumnado/src/trenes/Tren.java</file>
            <file>file:/C:/Users/JCMCarra/OneDrive%20-%20Unit4/Documents/NetBeansProjects/PROG06_Tarea2022_23_Alumnado/src/trenes/controladores/TiraLuz.java</file>
            <file>file:/C:/Users/JCMCarra/OneDrive%20-%20Unit4/Documents/NetBeansProjects/PROG06_Tarea2022_23_Alumnado/src/trenes/controladores/Modificable.java</file>
            <file>file:/C:/Users/JCMCarra/OneDrive%20-%20Unit4/Documents/NetBeansProjects/PROG06_Tarea2022_23_Alumnado/src/trenes/controladores/Activable.java</file>
            <file>file:/C:/Users/JCMCarra/OneDrive%20-%20Unit4/Documents/NetBeansProjects/PROG06_Tarea2022_23_Alumnado/src/trenes/VagonTren.java</file>
            <file>file:/C:/Users/JCMCarra/OneDrive%20-%20Unit4/Documents/NetBeansProjects/PROG06_Tarea2022_23_Alumnado/src/trenes/controladores/ConjuntoAltavoces.java</file>
            <file>file:/C:/Users/JCMCarra/OneDrive%20-%20Unit4/Documents/NetBeansProjects/PROG06_Tarea2022_23_Alumnado/src/trenes/controladores/PuertaVagon.java</file>
        </group>
    </open-files>
</project-private>
