<?xml version="1.0" encoding="UTF-8"?>
<project-private xmlns="http://www.netbeans.org/ns/project-private/1">
    <editor-bookmarks xmlns="http://www.netbeans.org/ns/editor-bookmarks/2" lastBookmarkId="0"/>
    <open-files xmlns="http://www.netbeans.org/ns/projectui-open-files/2">
        <group>
            <file>file:/C:/Users/JCMCarra/OneDrive%20-%20Unit4/Documents/NetBeansProjects/2023-2024/PROG04_Tarea_2023_24_Alumnado/src/tarea04/Ejercicio02.java</file>
            <file>file:/C:/Users/JCMCarra/OneDrive%20-%20Unit4/Documents/NetBeansProjects/2023-2024/PROG04_Tarea_2023_24_Alumnado/src/tarea04/Ejercicio01.java</file>
            <file>file:/C:/Users/JCMCarra/OneDrive%20-%20Unit4/Documents/NetBeansProjects/2023-2024/PROG04_Tarea_2023_24_Alumnado/src/tarea04/Ejercicio03.java</file>
        </group>
    </open-files>
</project-private>
