<?xml version="1.0" encoding="UTF-8"?>
<project-private xmlns="http://www.netbeans.org/ns/project-private/1">
    <editor-bookmarks xmlns="http://www.netbeans.org/ns/editor-bookmarks/2" lastBookmarkId="0"/>
    <open-files xmlns="http://www.netbeans.org/ns/projectui-open-files/2">
        <group>
            <file>file:/C:/Users/tachu/Google%20Drive/NetBeansProjects/PROG05_Tarea2022_23_Alumnado/src/tarea05/clases/GestorPedidos.java</file>
            <file>file:/C:/Users/tachu/Google%20Drive/NetBeansProjects/PROG05_Tarea2022_23_Alumnado/src/tarea05/clases/Configuracion.java</file>
            <file>file:/C:/Users/tachu/Google%20Drive/NetBeansProjects/PROG05_Tarea2022_23_Alumnado/src/tarea05/PedidosDePizza.java</file>
        </group>
    </open-files>
</project-private>
