<list>
  <aeroGenerador>
    <numSerie>1</numSerie>
    <fechaInstalacion>2023-02-26</fechaInstalacion>
    <funcionando>false</funcionando>
    <distancia>151</distancia>
    <kwTotales>0.0</kwTotales>
    <horasTotales>0</horasTotales>
    <kwFuncionamientoActual>0.0</kwFuncionamientoActual>
    <horasFuncionamientoActual>0</horasFuncionamientoActual>
    <horasUltimoFuncinamiento>0</horasUltimoFuncinamiento>
    <kwGeneradosUltimoFuncionamiento>0.0</kwGeneradosUltimoFuncionamiento>
  </aeroGenerador>
  <aeroGenerador>
    <numSerie>2</numSerie>
    <fechaInstalacion>2023-02-26</fechaInstalacion>
    <funcionando>false</funcionando>
    <distancia>151</distancia>
    <kwTotales>0.0</kwTotales>
    <horasTotales>0</horasTotales>
    <kwFuncionamientoActual>0.0</kwFuncionamientoActual>
    <horasFuncionamientoActual>0</horasFuncionamientoActual>
    <horasUltimoFuncinamiento>0</horasUltimoFuncinamiento>
    <kwGeneradosUltimoFuncionamiento>0.0</kwGeneradosUltimoFuncionamiento>
  </aeroGenerador>
  <aeroGenerador>
    <numSerie>3</numSerie>
    <fechaInstalacion>2023-02-26</fechaInstalacion>
    <funcionando>false</funcionando>
    <distancia>151</distancia>
    <kwTotales>0.0</kwTotales>
    <horasTotales>0</horasTotales>
    <kwFuncionamientoActual>0.0</kwFuncionamientoActual>
    <horasFuncionamientoActual>0</horasFuncionamientoActual>
    <horasUltimoFuncinamiento>0</horasUltimoFuncinamiento>
    <kwGeneradosUltimoFuncionamiento>0.0</kwGeneradosUltimoFuncionamiento>
  </aeroGenerador>
</list>